id,phase,task,description,depends_on,start_date,due_date,priority,status,done_when
0.1,0 Already built,Expo app scaffold,"Expo SDK 54 React Native app in test-app/ with React Navigation, custom fonts, color theme",,,,High,Done,App runs with Home and Scan screens
0.2,0 Already built,Home screen UI,"LabDog header, 2-column report grid, empty state, add button (currently shows mock reports)",0.1,,,High,Done,Grid renders mock reports
0.3,0 Already built,Scan screen,"Document scanner, photo library picker, Summarize button, permissions handling",0.1,,,High,Done,Can scan or pick an image and send it to the backend
0.4,0 Already built,Flask /analyze OCR,"server.py accepts base64 image (HEIC supported), sends to Cohere vision model, returns transcribed text",,,,High,Done,Returns text for a sample lab photo
0.5,0 Already built,OpenCV helper (partial),tools.post_process upscales images; not yet wired into the server,0.4,,,Low,Partial,Helper exists; used in opencvtest.py only
0.6,0 Already built,Auth stub (partial),AuthContext is in-memory only; Sign In button and Login screen are commented out or missing,0.1,,,Low,Partial,Replaced by real auth in 1.7
1.1,1 Foundation,Repo cleanup & docs,"Replace README todo list with real docs; add .env.example; extend .gitignore (node_modules, __pycache__, *.heic); remove committed __pycache__; fix AGENTS.md (it points to Expo v57 docs but app uses SDK 54)",,2026-09-29,2026-09-30,Medium,Done,Clean repo; README explains setup and run steps
1.2,1 Foundation,Backend hardening,Fix /analyze returning nothing when JPEG encode fails; wire in post_process; add /health; consistent JSON errors; drop unused easyocr; use opencv-python-headless; add gunicorn,,2026-09-29,2026-10-01,High,Done,Backend runs lean locally; every failure path returns JSON
1.3,1 Foundation,Supabase project setup,"Create Supabase project, enable email auth, create private storage bucket 'reports', copy URL and anon key",,2026-09-30,2026-10-01,High,Not started,"Project exists; keys saved locally, not committed"
1.4,1 Foundation,Deploy backend to Render,Deploy Flask app as a web service with env vars (Cohere key); confirm /health from the public URL,1.2,2026-10-01,2026-10-02,High,Partial,Public URL returns 200 on /health
1.5,1 Foundation,Configurable API URL,Replace hardcoded LAN IP in ScanScreen with EXPO_PUBLIC_API_URL; document local vs deployed,1.4,2026-10-02,2026-10-02,High,Partial,App works against Render URL from any network
1.6,1 Foundation,Database schema & RLS,"Tables: reports, report_markers, chat_sessions, chat_messages; row-level security so users see only their own rows; storage policies",1.3,2026-10-01,2026-10-02,High,Partial,SQL applied; a second test user cannot read first user's rows
1.7,1 Foundation,Real sign-up / sign-in,"Supabase Auth in AuthContext, Login screen, persistent session, gate Home behind login, restore Sign In/Out button",1.3;1.6,2026-10-02,2026-10-04,High,Not started,"User can sign up, stay signed in after restart, sign out"
2.1,2 Scan to Library,Multi-page scan support,Scanner allows 20 pages but only the first is used; send all pages and merge OCR text in order,1.2,2026-10-03,2026-10-04,High,Not started,3-page lab produces one combined result
2.2,2 Scan to Library,Image quality checks & errors,"Detect blurry/dark/empty scans, clear messages and retry; handle timeouts and Render cold start with loading state",1.2,2026-10-04,2026-10-05,Medium,Not started,"Bad photo gives a helpful message, not a crash"
2.3,2 Scan to Library,PII redaction step,"Backend strips names, DOB, MRN, phone, address from OCR text before it goes to any interpretation or chat call",1.2,2026-10-04,2026-10-05,High,Not started,Test text with PII reaches the model with PII removed
2.4,2 Scan to Library,Structured analysis (/analyze v2),"Fill the empty PROMPT: return JSON with markers (name, value, unit, range, flag), key insights, plain-language summary, questions for your doctor; no diagnosis wording",2.3,2026-10-05,2026-10-07,High,Not started,Sample labs return valid JSON; unclear values marked unknown
2.5,2 Scan to Library,Save report to Supabase,Upload scanned image to storage and save report plus markers and insights to the database,1.7;2.4,2026-10-06,2026-10-07,High,Not started,New scan appears in database and storage under the user's id
2.6,2 Scan to Library,Library from real data,"Home grid loads user's reports (replaces MOCK_REPORTS), thumbnails, pull to refresh, empty state",2.5,2026-10-07,2026-10-08,High,Not started,Scanned reports show up in the library after relaunch
2.7,2 Scan to Library,Full report view (Insights screen),"Screen for the Insights route: markers with in/out-of-range flags, key insights, summary, original image, delete",2.5,2026-10-07,2026-10-09,High,Not started,Tapping a library card opens saved results without re-running AI
2.8,2 Scan to Library,Stretch: PDF import,Document picker for PDFs; extract text or render pages for OCR,2.4,2026-10-08,2026-10-09,Low,Not started,A PDF lab produces results
3.1,3 Assistant,Chat endpoint,"Backend /chat using Cohere text model, system prompt, conversation history, streaming optional",1.4,2026-10-09,2026-10-10,High,Not started,Replies come back with prior messages as context
3.2,3 Assistant,Emergency red-flag check,"Rule-based check (chest pain, stroke signs, severe bleeding, etc.) that shows a call-911 banner before any AI reply",3.1,2026-10-09,2026-10-10,High,Not started,Red-flag test phrases always trigger the banner
3.3,3 Assistant,Chat screen & saved history,"Assistant screen with message list, input, and saved sessions; add navigation entry from Home",1.6;3.1,2026-10-10,2026-10-11,High,Not started,Conversations persist and reload
3.4,3 Assistant,Guidance & doctor-type prompts,"Assistant asks a few intake questions, gives before-you-see-a-doctor steps, and names suitable specialties with reasons",3.1,2026-10-10,2026-10-11,High,Not started,"Assistant names a specialty type and why, plus safe interim steps"
3.5,3 Assistant,Attach a saved report to chat,Opt-in: user picks a report to include as (redacted) context; nothing shared unless chosen,2.7;3.3,2026-10-11,2026-10-12,Medium,Not started,Assistant references attached report; others never sent
3.6,3 Assistant,Location & provider search API,Ask location permission (or zip entry); backend /providers queries the free NPI Registry by specialty and zip,3.1,2026-10-11,2026-10-12,High,Not started,Specialty plus zip returns nearby providers
3.7,3 Assistant,Provider list UI & chat hand-off,Provider list with call and open-in-maps actions; one tap from the assistant's recommendation to pre-filled results,3.4;3.6,2026-10-12,2026-10-13,Medium,Not started,Recommendation in chat opens nearby providers
4.1,4 Polish & Submit,Consent & disclaimers,First-launch medical disclaimer and consent; 'not a diagnosis' wording on results and chat; short privacy notice,2.4;3.1,2026-10-13,2026-10-13,High,Not started,User must accept before scanning or chatting
4.2,4 Polish & Submit,Security & privacy pass,"Test RLS with two users, confirm no keys in the app bundle, no lab text in server logs, HTTPS only",1.6;2.3,2026-10-13,2026-10-13,High,Not started,Checklist done and fixes applied
4.3,4 Polish & Submit,Delete data & account,Delete a report (row plus file) and delete account with all data,2.7,2026-10-13,2026-10-14,Medium,Not started,Deleted data leaves no rows or files
4.4,4 Polish & Submit,Test with sample labs,Run 5-10 synthetic or public sample labs end to end; check extraction accuracy and hallucinated values; fix issues,2.4;3.4,2026-10-13,2026-10-14,High,Not started,Written test notes; major issues fixed
4.5,4 Polish & Submit,Build for demo,Scanner needs a dev/native build (not Expo Go): make an EAS or local dev build on a real phone,2.7;3.7,2026-10-13,2026-10-14,High,Not started,App installed on a real phone and working against Render
4.6,4 Polish & Submit,"Demo video, screenshots, README","Record demo, capture screenshots, finish README",4.4;4.5,2026-10-14,2026-10-15,High,Not started,Assets ready to upload
4.7,4 Polish & Submit,Final checklist & submission,"Verify deliverables and submit; keep Oct 15 as buffer, aim to finish early in the day",4.6,2026-10-15,2026-10-15,High,Not started,Submission confirmed
